{"cameraMode":{"drawMode":0,"name":"Shaded","section":"Shading Mode"},"sceneLighting":false,"audioPlay":false,"sceneViewState":{"showFog":true,"showMaterialUpdate":false,"showSkybox":false,"showFlares":true,"showImageEffects":true,"showParticleSystems":true},"in2DMode":false,"pivot":{"x":-0.00423121452331543,"y":0.5492610931396484,"z":-0.01090019941329956},"rotation":{"x":-0.09942226856946945,"y":-0.815105140209198,"z":0.14693129062652589,"w":-0.5515758395195007},"size":0.6088722944259644,"orthographic":false}