{"cameraMode":{"drawMode":0,"name":"Shaded","section":"Shading Mode"},"sceneLighting":true,"audioPlay":false,"sceneViewState":{"showFog":true,"showMaterialUpdate":false,"showSkybox":true,"showFlares":true,"showImageEffects":true,"showParticleSystems":true},"in2DMode":false,"pivot":{"x":15.651347160339356,"y":21.389299392700197,"z":17.765914916992189},"rotation":{"x":0.0873410627245903,"y":-0.782621443271637,"z":0.11282430589199066,"w":0.6059431433677673},"size":33.02340316772461,"orthographic":false}